Uuid,Void/Retire,Name
988bf012-f48f-4ed2-a6f1-5488505584e6,TRUE,Acetaminophen
dfd36a48-1946-454c-bc04-8dc7cada7120,TRUE,Acetaminophen 325 mg
2c9027fa-3723-491c-bbed-8989f0d4dabe,TRUE,Acetasol 1%+2%
4eb11496-3275-4087-ab5c-b1e4ea885e99,TRUE,Acide Folique Co 5mg
123c4342-552a-4db9-bb0b-a7d0bd2e5849,TRUE,Acyclovir Co 400mg
a74fe93c-b023-4159-8bd6-5d40a0909636,TRUE,Acyclovir creme 3%
22269776-0866-4d7f-b4f6-901d31531f83,TRUE,Acyclovir ophtalmique 5%
45aaf344-e567-4716-be52-4a7a642305c1,TRUE,Acyclovir Sirop 200mg
77addc86-5036-4a82-b722-826635e1ce0b,TRUE,Adrenaline Injection 1mg
f2736658-a69e-45e0-b289-e771ec86fc0c,TRUE,Advair 250mg+50mg
e6f2566d-610f-4d78-a3d5-e086d6742c51,TRUE,Advair 500mg+50mg
3af6ca73-f2ee-43ff-8464-fa00bf525e9b,TRUE,Advil 200mg
a116c770-3d2e-4139-b670-45e021fede4e,TRUE,Advil 400mg
3e804780-c538-4800-ab4d-da7f710dc4cd,TRUE,Advil 600mg
37302e59-9824-4ec3-a8f7-6b491a5ee183,TRUE,Albendazole Co 400mg
7bf6328a-4194-484e-846f-a98bd41634e8,TRUE,Albendazole Sirop 400mg/10ml
62e89330-c656-44dc-bcf9-a7c90111e8c3,TRUE,Albenza 200mg
56034516-35a4-4bca-826e-df42008ebeed,TRUE,Albenza 400mg
39a96958-781f-4d84-a9e8-56f6dfbf9061,TRUE,Albuterol Inhalation 2.5mg/3ml
e2dc4a41-7f0b-44c7-ac3a-676939f176ef,TRUE,Alclometasone 0.05%
14af1c0c-decd-41c0-ba07-95059f167ed2,TRUE,Allegra 180mg
247b17b0-8fe9-48de-a0f6-4b9a6f1caee8,TRUE,Allegra 60mg
c3fb68d0-ba3d-4b94-bcb8-b2286d9b0358,TRUE,Alpha Métyl Dopa Co 250mg
58a9f6d0-1092-4c9c-b195-fbd7e43b39dd,TRUE,Aminovit Gtts
43615798-db46-4e2a-95a8-182ead4da45b,TRUE,Amlodipine
00a789ff-da44-42b9-b929-3a069d98d3e1,TRUE,Amlodipine 5mg
ed9e55d8-eb78-4e2f-bc57-d5107ac1481c,TRUE,Amoxicillin 125mg/5ml
a8b5bd1d-867a-4159-b585-13fe1bd59dce,TRUE,Amoxicillin 250mg
0e99b832-3cad-4039-bfb5-0c2f55906f8a,TRUE,Amoxicillin 250mg/5ml
9e99eb20-5172-433a-ba7e-669b0f2af50b,TRUE,Amoxicillin 400mg/5ml
a8355c83-31db-4089-a962-512e35097ef0,TRUE,Amoxicillin 500mg
d879219a-a74d-4a4a-a893-ebeb5594c629,TRUE,Amoxycilline Co 500mg
1eebc619-5593-44be-9057-041df86b06ae,TRUE,Amoxycilline Sirop 125mg
a0f54b5b-0eda-49aa-82be-3634df0de78f,TRUE,Ampiciline Injection vial 1g
8e89914e-560b-4ac1-851c-ffeb54cb677f,TRUE,Apetamine Sirop
a42089dd-e91e-49a3-8c17-8571f2e5a404,TRUE,Apressoline Injection vial 20mg
a722710f-403b-451f-804b-09f8624b0838,TRUE,Aspirin 162.5mg
38087db3-7395-431f-88d5-bb25e06e33f1,TRUE,Aspirin 325mg
09e58895-e7f0-4649-b7c0-e665c5c08e93,TRUE,Aspirin 81mg
02dd2a8e-1a8f-49cb-bc06-daf9e1af16ba,TRUE,Aspirine Co 81mg
20e0d495-b906-405e-9cc7-1a18e14a5612,TRUE,Atenolol 100mg
8b8aceae-7a1e-49d1-823a-ae657ea4184f,TRUE,Atenolol 25mg
124a4a8e-f920-4898-b3d0-6d463b1c3db2,TRUE,Atenolol 50mg
41acb9e7-5737-41fb-8931-746355fc0beb,TRUE,Atenolol 75mg
dae4050d-c309-4a20-a62e-e84d192e1e87,TRUE,Atenolol Co 50mg
6a455315-51b3-41db-9e5d-ee03c2ad3cdb,TRUE,Augmentin 250mg+62.5mg/5ml
2ddaae26-c352-4245-a1d5-b8884068d17b,TRUE,Augmentin 600mg+42.9mg/125ml
8f04e3bf-60da-4e53-a577-f5fac65ec25e,TRUE,Augmentin 600mg+42.9mg/75ml
1cd391d8-ed72-4c61-a203-faf40bee6921,TRUE,Augmentin Co 625mg
dd87f758-a49b-44ac-841b-16b61c176244,TRUE,Azithromycin
2949ec94-0e60-4a99-b699-e36daa665033,TRUE,Bacitracin
93ac42d5-b121-4e7c-9f80-37f50bcaff64,TRUE,Bacitracin 500U/g
c6f97741-1f9c-4b25-8af1-dcf3fe720d7a,TRUE,Bactoclav 500mg+125mg
f0ab1781-bf08-4c5e-9b32-2d51e1d5a38c,TRUE,Bactoclav Sirop 312.5mg
4bc64ce7-18a8-460a-9314-0f89e4ca2d0b,TRUE,Bactrim 160mg+800mg
4f93c00b-cf6e-48a1-b1da-ab3551915e25,TRUE,Bebe Sirop
277024fa-a41d-4655-8485-a44ef683c41f,TRUE,Benadryl
1a9438b3-0cfb-4bef-b4fc-dc4324bb4134,TRUE,Benadryl 25mg
fcc75458-0d8e-4921-b6a8-baf5a7e26d8e,TRUE,Benadryl 50mg
c872abc2-47ed-4eb2-bd6e-b6dbf6d6a95f,TRUE,Benzyl Benzoate Lotion 25%
02005fc7-625e-40de-bfbe-872f85b48e07,TRUE,Betamethasone 0.05%
19bf89f5-6f1b-4b11-82b7-686d619f5667,TRUE,Biaxin 250mg
83d98064-593f-4cf9-bec4-c427d4677f7d,TRUE,Biaxin 500mg
7104f6ed-8793-4b51-8425-5fcb9cf8a59e,TRUE,Bismuth subsalicylate 300mg
cd280c73-ebfd-4213-8706-3ebce0019156,TRUE,Breo 100mcg+25mcg
e153441b-af4a-4fcf-aa7f-3bc2419520fa,TRUE,Breo 200mcg+25mcg
1281857e-3426-4ca4-ae06-cd35cb4e0e01,TRUE,Breo 80mg+4.5mg
3f9e7636-7443-45bf-a3fb-fd0530d3d43a,TRUE,Bromhexine Sirop 4mg/5ml
1d153d70-219e-4683-96c2-c1337a2eea85,TRUE,Calamine lotion
8c855783-fc73-4b3a-a415-4ca6a2b9560e,TRUE,Captopril 12.5mg
864df3a3-cbda-48d7-86fb-6059b6db713b,TRUE,Captopril 25mg
d9d1d81a-ab7c-47f5-9dbc-f837b82b4a30,TRUE,Captopril 50mg
1483054c-f2e7-499c-adf2-7c9a51ccc055,TRUE,Captopril Co 25mg
8d883d65-9473-46ff-8b14-0ebe1f9a86da,TRUE,Ceclor 125mg/5ml
bb8a1afa-9dbc-477d-93b3-411f03f742f7,TRUE,Ceclor 250mg/5ml
40c49aab-41f0-4782-a1c7-88d190e4ffae,TRUE,Ceftin 125mg/5ml
8dd89c2e-b45b-4fea-98d5-f6b9f02247c1,TRUE,Ceftin 250mg/5ml
7a595a6a-8c0b-4725-addd-ad2d82100b98,TRUE,Ceftriaxone 1g
8d4d2102-52a5-445d-9e0f-462d8967336a,TRUE,Celebrex 200mg
a6bb9b34-7417-4602-b2c4-62f8559c0ef9,TRUE,Chloroquine 250mg
28137a3d-215c-4b8f-bda1-ee13e5bb4bd5,TRUE,Chloroquine 500mg
588c4abc-3b4b-43c8-a55f-5e80b2c90f1e,TRUE,Chloroquine Co 250mg
da1aafd5-78a3-4848-8057-63a424b0aead,TRUE,Chloroquine Sirop 25mg/5ml
9c38ea14-0972-46a9-9dac-76cafbb44971,TRUE,Cipro 250mg
03f18d86-ac0a-49a6-87bf-e022119301ad,TRUE,Cipro 500mg
372d5752-dc7b-487e-b450-e7cdabacef50,TRUE,Cipro 750mg
9b305550-beb8-4c7b-a800-caab72438430,TRUE,Ciprofloxacin Co 500mg
ee3e761a-3d43-4c51-98a3-cc2bd94946b6,TRUE,Clarithromycine Co 500mg
8dd28534-a357-4617-8909-2160f7fd7e4c,TRUE,Claritin
2976fb3e-a020-4a29-8424-878928607e01,TRUE,Claritin 10mg
3e14295d-63f7-4876-8767-cf93f9c6ca68,TRUE,Claritin 5mg/5ml
b4abf73f-d647-49a7-9957-a16983d8b211,TRUE,Cleocin 150mg
ca382f91-17b3-4b54-973e-8ccbdd89b8e1,TRUE,Cleocin 300mg
8035131f-4346-481b-b746-84837e900781,TRUE,Cleocin 450mg
1a2354cb-3a85-4af9-8f36-d5146bda46a1,TRUE,Cloxacilline Co 500mg
ea44b958-6805-40ad-a6e3-7b67aa2fe0d1,TRUE,Cloxacilline Sirop 250mg/5ml
aae13cbd-1509-4e4d-9b5a-ce6139fb74c2,TRUE,Colace 100mg
3ac7c011-1168-4eb6-b071-6ee11d1e2b24,TRUE,Combivent 18mcg+103mcg
e8b79172-45cd-40ce-9ca8-0a6a652bb47e,TRUE,Cortef
bebc4d5f-df7b-485a-9b3b-3420f536cb6f,TRUE,Cotrim Co 960mg
bed41e87-9cfc-4d1f-9b44-c23732e6c162,TRUE,Cotrim Sirop 240mg/5ml
e3a59ed6-c9b9-4bb0-922d-25fc6aa74043,TRUE,Deltasone
c76ca2a3-c70e-42cd-9618-500ebf3f2474,TRUE,Deltasone 10mg
8a9fdf80-2caa-407d-96a7-a5701a140e6a,TRUE,Deltasone 20mg
c259b78f-6dac-4749-a21f-935646bc3c0d,TRUE,Deltasone 40mg
efb8b933-04cc-4f2f-8499-94a8b7b58027,TRUE,Deltasone 5mg
012f0f5d-c76e-4a28-8e60-30c440f5ff62,TRUE,Depo Provera
856c6ba9-201e-4022-a4b4-6d8aafeff7fd,TRUE,Dermadex 10mg
eb4fedd3-154d-43f8-ad6c-d89930b1e175,TRUE,Dexamethasone Injection vial 8mg
0113c442-4959-430d-a389-8cbafa2b8733,TRUE,Dextrose D50
3bc9e3a2-c85a-488b-b9a7-8e5fcafe2f81,TRUE,Dextrose Normal Saline 0.45%
ec535874-98d9-463c-a12a-42fa070c2f22,TRUE,Dextrose Normal Saline 0.9%
f8e266ec-24c9-4f64-89b0-33f1a052bd57,TRUE,Dextrose Water 10%
f6438215-66a1-4e8f-a57a-b747981fd8f6,TRUE,Dextrose Water 5%
13b68d05-a6c1-43ac-ae12-a68eb8459ab6,TRUE,Di-Gas Gtts 40mg
0e8496ea-c8f7-4f08-abef-994e3c3243a2,TRUE,Diazepam Co 5mg
2dca268b-fdb8-42f2-85eb-73a884c020ce,TRUE,Diazepam Injection vial 5mg
22ce4524-954e-41c2-a995-91ef80cad806,TRUE,Diclofenac 50mg
7bedc809-05bd-4baf-bd4b-5a21d9e48a01,TRUE,Diclofenac Co 50mg
2832337e-3ef1-47fa-8a46-2bc6e9910353,TRUE,Diclofenac Injection vial 75mg
fb1509f8-0287-4111-a58c-e4f48fa6575d,TRUE,Diflucan 100mg
f32f7a3f-d27f-412d-a91c-d8d99fad464e,TRUE,Diflucan 150mg
76a434fd-df90-4b19-ba47-26ddd7a00437,TRUE,Diflucan 200mg
62ee5947-bf62-4a42-8c07-0f939f766afe,TRUE,Dolex Pommade
c6f2a3cb-b57f-4537-a179-ea0764d38690,TRUE,Doxicycline Co 100mg
12dd160a-2ab4-4b95-900c-40ebf6ccc55f,TRUE,Doxycycline 100mg
33558e37-627d-475f-b18f-5e5baf0ac0a6,TRUE,Diphenhydramine Co 25mg
3e3c72db-491c-4690-be8b-1f2528fa3266,TRUE,Diphenhydramine Injection vial 20mg
a377a5e6-0992-46c5-b5b0-5e3aafa27e16,TRUE,Diphenhydramine Sirop 12.5mg/5ml
f3a1a212-12bc-43bd-b03f-73aeaac1379e,TRUE,Dipyrone Inj vial 1g
38978734-0960-4c7d-bb1e-725532bc4c6a,TRUE,Enalapril Co 10mg
872c01c8-e9c9-478f-b2f6-87acf661ab6c,TRUE,Ergotamine Injection 2mg
cbbc7d55-db59-4ea3-9f3b-d3709b1bb82d,TRUE,Erythromicine Co 500mg
74c26d25-3b98-4bf7-b962-3de028b352a7,TRUE,Erythromicine Sirop 125mg
f944281f-8655-4897-9fdb-6cc038d094f9,TRUE,Erythromycin 125mg/5ml
7a6c2021-7be0-46eb-bc03-b88b6d2f5ba6,TRUE,Erythromycin 250mg/5ml
ce6b9fe4-6cbc-495e-8744-20a9cb48f1cf,TRUE,Esomeprazole 20mg
ef56eef4-8be8-4c7b-af5b-38577d7b0e96,TRUE,Eucerin
e6b91fc3-8961-493e-9acb-5853162ffec7,TRUE,Famotidine
91450143-ca6e-46fe-9fff-274be47521db,TRUE,Famvir 250mg
114d5a9f-f369-4976-9eb7-1f78050c6a9b,TRUE,Fer Folate Co
2b05efc6-833d-4718-9e39-6aab785cbfce,TRUE,Fer Up Sirop
c554ffb2-5706-4623-a89a-008366cd564c,TRUE,Flagyl 250mg
89e1bd4d-2d1e-4c1b-92ca-1d997943020d,TRUE,Flagyl 500mg
f6f88eca-f59c-4859-8a7a-d005a59691ce,TRUE,Flexeril 10mg
b9f17974-47ba-430f-9a17-352f50241e90,TRUE,Flexeril 5mg
52b9f66b-cb47-487a-9452-00e036fe1dd8,TRUE,Flonase 50mcg
2f76266a-a841-4147-9401-c6b8409b8ccc,TRUE,Fluconazole Co 150mg
824dcc1b-27b7-459c-8f41-026b3af8dbe4,TRUE,Fongobacter Rince Bouche
eff805bf-db0e-4adf-9a3d-9a5039083016,TRUE,Furosemide Co 40mg
109ca9ff-5a43-42bd-b039-ba08c683ebb5,TRUE,Furosemide Injection vial 20mg
f8b1ef4c-66b6-4520-addc-ee58dd011c65,TRUE,Gastrogel Sirop
6b8a0e60-09ee-4d93-b46a-3ab8cab22b29,TRUE,Gatorade
1fb6be75-14f1-4171-af87-2a7fb223a806,TRUE,Gentamicin 0.3%
85dc7fa9-2cbb-42ca-a7a8-244465f4f737,TRUE,Gentian Violet 1%
af4be8ee-45b3-47e3-a32e-1c3bfb2e6f61,TRUE,Glipizide Er 3mg
912e4679-7758-403e-8441-5b528561f7bc,TRUE,Glipizide Er 6mg
a67aaa3a-0e89-4bb7-abf0-54eb6edbecad,TRUE,Globugen Sirop
b6a421fd-50f2-4ed7-b687-23d985e42a50,TRUE,Glucotrol 10mg
d6a60960-b4df-4ab0-a231-1c3fcc8414e1,TRUE,Glucotrol 5mg
80143eee-aad0-42bc-885c-7b84fa9d9f44,TRUE,Glybenclamide Co 5mg
54e1a064-172b-4d3c-ae8e-b78afb368c37,TRUE,Glyburide 3mg
ab1a18bd-926d-48f3-8006-16314952698b,TRUE,Glyburide 5mg
e79df49a-71a6-4169-952c-0225048cb482,TRUE,Glyburide 6mg
17e9b385-de8b-4d60-a7de-c37cbe2a3d1c,TRUE,Gouttes Nasale 0.9%
3543c654-0834-4c90-982c-5e277005c15d,TRUE,Griséofulvine Co 500mg
a491df48-4a2f-4f4a-a1b0-8bde19af5fb3,TRUE,Griséofulvine Sirop 125mg
b0ce9018-f569-4380-a233-97efb9d2a168,TRUE,Hydrochlorothiazide 50mg
51717134-b03a-4951-9e67-9fc56a920a24,TRUE,Hydrocortisone + Acetic Acid Otic
9a0b84c9-6c80-4fc0-9764-43a870b2a432,TRUE,Hydrocortisone 1%
f116a3d6-3019-4e7c-9a1f-42c681144a31,TRUE,Hydrocortisone 2.5%
d07d5371-355c-4c61-9469-3f354f7edd5e,TRUE,Hydrocortisone creme 1%
baa212eb-23a2-43c4-b2ac-badf95eac406,TRUE,Hydrocortisone Injection vial 100mg
daf6e832-5615-44ce-a512-6f1c239245d9,TRUE,Hyoscine Butylbromide Injection vial 20mg
f05dd6ca-43d0-45ea-93ef-8d82483bbdc9,TRUE,Ibuprofen Co 400mg
60508974-752a-4960-b0be-f0e6aa6da64b,TRUE,Inderal 80mg
c15080cf-f142-46be-8dd3-7193958c4e93,TRUE,Inderal IR 10mg
22e9616c-b0c0-4d3e-95e9-173750386d61,TRUE,Inderal IR 20mg
23e8de30-5b3c-4371-a185-200556fa0951,TRUE,Inderal IR 40mg
997f4df8-0cdd-47bc-ba71-a01c6bcd3b89,TRUE,Inderal IR 60mg
3b3e2029-84c4-4472-85b4-a1f1af0885b6,TRUE,Insuline R 100UI/1ml
ec734d5e-53c3-4d59-8c3a-3ce9c9360bc9,TRUE,Iron IR 325mg
5b420f3b-7584-4934-b457-91d6f94ff6b7,TRUE,Ketoconazole Co 200mg
92247357-ccd3-4f83-9362-f40a103f4cd4,TRUE,Ketoconazole creme 2%
c00019ed-8b20-4445-891e-6de8fd9e6d33,TRUE,Ketoconazole Savon 2%
aa42752c-af45-449c-ae9f-30c6e272cee4,TRUE,Ketoconazole Shampooing 2%
9bab903e-6312-4c6a-95dc-149c86e752ad,TRUE,Lasix 10mg
6ca6fa54-5b32-4d64-a66c-542c0889f840,TRUE,Lasix 20mg
db08ac66-5b79-4e29-a799-6c9b76d3c40b,TRUE,Lasix 40mg
7edcd7d4-ca9f-45f8-b591-bcf0985e7213,TRUE,Lasix 60mg
cf76df0e-4571-4f7a-9a66-cb7122134077,TRUE,Lasix 80mg
5363a53f-a3c2-4a29-b7f0-a4b075052e5e,TRUE,Levaquin 250mg
39c32716-b384-4dd8-84c7-324786e015b3,TRUE,Levaquin 500mg
762b4267-6ce6-4de7-8342-7d415fedda6b,TRUE,Levothyroxine sodium
15c7d21f-cd1a-4eed-ab79-2fcfe0d99592,TRUE,Levothyroxine sodium 75 mcg
396c0447-c8e2-4f2f-a9a1-b664efe352ea,TRUE,Lindane 1%
85315e68-f8f1-43e6-b957-ae773bfaf9b7,TRUE,Lisinopril
e6bd712f-5fb7-4704-8cc3-f26b7f710d20,TRUE,Lisinopril 10 mg
c6f2234a-75ed-4530-bd60-1196fd84d0c6,TRUE,Lisinopril 2.5 mg
1e5421d1-abcd-4d88-8776-1a8057506aba,TRUE,Lisinopril 20 mg
f6ad6ed0-953c-4b45-ba41-2f302f3b8b09,TRUE,Lisinopril 30 mg
41323ed9-967b-4afa-bc9b-cda3ceb42050,TRUE,Lisinopril 40 mg
e5300d81-b7cd-4010-8a1c-269030d5bab4,TRUE,Lisinopril 5 mg
5360f695-a3e2-4593-9426-69ef43781877,TRUE,Losartan Co 5mg
f691c1c4-1fe3-4fd5-afbf-2167ad241164,TRUE,Lotrimin 1%
931d1308-a72f-4f3a-a627-63d8b3c8c25d,TRUE,Malarone
c5551705-ce62-4054-97e1-7eba697c0b77,TRUE,Malarone 1g+400mg
6bea54c9-97d5-4a9b-90fe-ee5ac2a9dd1c,TRUE,Malarone 250mg+100mg
a80acf74-a85c-4fef-8dc4-d763e364663f,TRUE,Metformin
405bf055-32ff-405c-b041-4e4543f66e99,TRUE,Metformin 1000mg
81dadd82-3ac8-4aab-9f61-848b89b3f053,TRUE,Metformin Co
d590f509-1e79-479c-bcdd-5f3812b16803,TRUE,Metformin Co 1000mg
721497f0-dcf4-4f05-8fe7-e2e487b0d774,TRUE,Metformin Co 500mg
7a563628-d9c4-4a25-8193-207199051785,TRUE,Metoclopramide Co 10mg
66319a6e-d296-4929-b7ed-b2ff8e108bc9,TRUE,Metoclopramide Injection vial 10mg
2421535d-e55e-4fa0-9dd5-039d8a63ed6a,TRUE,Metoclopramide Sirop 5mg/5ml
1ea6b0b2-25d7-4279-b4ee-ccbacd60d17a,TRUE,Metoprolol Co 50mg
d88a415d-1532-4d6e-9b47-b0264aa84485,TRUE,Metro-gel 0.75%
edc8ef37-594e-48e9-83e9-7b7c5e6fc3be,TRUE,Metronidazole
24de32d2-6d1f-4e53-b047-93e6729228c4,TRUE,Metronidazole 250mg
5690d13c-595b-4e29-bc7f-711afc8e7a16,TRUE,Metronidazole Co 500mg
c933dc30-36f6-471f-bca6-53d8a682dce1,TRUE,Metronidazole et Nystatin Ovules Vaginales 500mg+100000UI
1f17613f-0e53-4609-9856-558ed43e085d,TRUE,Metronidazole Sirop 250mg
b35c87c8-fb39-4ca4-aae9-0986349c5eaf,TRUE,MGSO4 25%
61444a80-77b6-4986-b9c1-07eab731ce28,TRUE,Microlut 30
b257beaf-a967-4822-8f78-9f87be045959,TRUE,Minocin 90mg
1fc3e5e1-85dd-4a1e-88fa-5f57e07d727d,TRUE,Miralax 17g
92e5fe31-7eb4-4bdc-a245-e359715eee0e,TRUE,Motrin Children's 100mg/5ml
5939e5cd-cc6e-470a-bd7d-d1353e9174be,TRUE,Motrin Infant's 50mg/1.25ml
143c0048-33d5-46e6-b7b9-85b12769b629,TRUE,Multi-Vitamin Adult
9c257346-524c-4eef-bcf3-2cf4b472b2a8,TRUE,Multi-Vitamin Children
fb601ad7-ffb6-4624-8f64-93522bb8d4ac,TRUE,Multi-Vitamin Prenatal
9eb0a661-f27b-472e-a35d-04dc1dba0860,TRUE,Mycrogynon 30
25dc03a6-b2ca-46d5-8121-43ab025b3e9c,TRUE,Neomycine creme 5m/g
9dcd95b2-afe2-4d51-8b88-17211966fd65,TRUE,Neosporin
c0a931b7-c900-45fe-b672-b78a00f41ed2,TRUE,Neurontin 100mg
c6308b9c-00f1-476c-aa61-745bb26e0f71,TRUE,Neurontin 300mg
294c26b6-a5c8-454e-b9b7-16d103584b3d,TRUE,Neurontin 600mg
12da54e5-294a-4be2-834c-4ffd996a5bf6,TRUE,Neurontin 800mg
9a118208-e8a4-4af2-bb3a-f0bf02649e75,TRUE,Neurontin 900mg
057862ef-9fe0-40c8-8955-3149b25c4a70,TRUE,Nifedipine Co 20mg
5650eb5e-97e5-45ed-8b61-46920d3bbc43,TRUE,Normal Saline 0.45%
63e5f917-ce97-47c4-8423-126bd798636e,TRUE,Normal Saline 0.9%
4125aa3e-4b43-41c2-99a3-00bb71978084,TRUE,Nystatin 100000U/g
e5574e71-17ea-434f-8649-eba766be4087,TRUE,Nystatin creme vaginale 100000UI/g
9e1837cf-0e08-41b0-90c0-11bdd0c4c046,TRUE,Nystatin Sirop 100000UI
c10cc9b5-c1ec-4d73-9192-9dc6b40e16f9,TRUE,Omeprazole Co 20mg
9762b8c0-bdba-49ed-ae32-0290a04e8ab9,TRUE,Ondansetron
3171aeb3-5475-4ea2-b662-531f0c732716,TRUE,Ophtalmide Gouttes
c3e48c79-8b02-4442-9480-8f656a353b89,TRUE,Othorinol Gouttes 30mg
d16da6ff-03e6-49d3-998c-c4c0e77d811f,TRUE,Otocare Gouttes
5668deaf-9459-42df-bea8-db378f0d38f6,TRUE,Oxycodone
77497f60-8ff1-4508-bf74-00944e5c030d,TRUE,Oxycodone/Acetaminophen 5mg+325mg
88ebec22-c9c9-4e5a-8111-f44a70c7f2a0,TRUE,Paracetamol 100mg
4607589d-1293-45c9-98db-283da2bef419,TRUE,Paracetamol 300mg
fbf74fd6-b37c-4325-86cb-dcaf4aabed81,TRUE,Paracetamol 500mg
637499ff-1c54-4722-ba57-3e41b3d22a49,TRUE,Permethrin
78e814ac-0974-41cc-8283-4487ccf32370,TRUE,Prednisone Co 5mg
84945f45-3a3c-4d57-bc34-b474cf7ad612,TRUE,Prevacid 15mg
b73ac801-cf29-4e21-a2b2-a5288222d34c,TRUE,Prevacid 30mg
0adc85cf-de4e-4c4b-a483-d8586f19626b,TRUE,Prilosec 20mg
7a1398d1-4667-4123-8633-db03f53299c2,TRUE,Primaquine Co 7.5mg
57b30902-bce2-4279-ac22-b6d3fe5a4308,TRUE,Primaquine Sirop
5a244df6-7cee-44da-89b0-f9bf732ffbed,TRUE,Proscar 1mg
1baa0c9d-5c1b-4673-bc8b-732c556c7c68,TRUE,Proscar 5mg
45395ed4-63b2-43d2-af2a-23f4dc8e1b9e,TRUE,Protonix 20mg
7a4861ec-81ab-4989-95b6-df5a9bd16651,TRUE,Protonix 40mg
83d3ac4b-1aa8-40bb-83dd-7381a2876dc1,TRUE,Proventil
0ade342f-abe3-4195-bcf4-16e2b502da26,TRUE,Proventil 2.5mg
e61b5364-5d97-40bd-9557-a555f232fc43,TRUE,Proventil 200mcg
b8655f3b-ec83-418a-b767-54c053fbd743,TRUE,Proventil 400mcg
0ba092a4-3fc1-4d45-a2cb-c7eaf95d6ebd,TRUE,Pulmicort
08128635-a443-42af-9b5d-32a2132cef06,TRUE,Pulmicort 90mcg
c9544877-0a60-462f-9b7c-c8bb57380831,TRUE,Pulmicort Flexhaler 180mcg
70e97a3d-0084-400a-aace-50b50dc04ed4,TRUE,Pulmicort Flexhaler 360mcg
01999b32-4e32-4a7b-92b9-515185f60e21,TRUE,Ranitidine Injection vial 50mg
b5b194a3-efc9-47b0-8406-db87092c23e2,TRUE,Rapidal Plus 162.5mg+100mg
667682cc-6731-4784-acdc-c7fb7c98d15a,TRUE,RH
62a34f17-e83c-4dbc-b53b-9a7f9478501a,TRUE,RHEZ
79c12ca2-0755-4bf4-b509-8c72239536f9,TRUE,Ringer Lactate
3d215e2e-0560-4afc-9023-e1d1088bf484,TRUE,Robitussin Adult 200mg/5ml
0f4627ca-7bb4-414f-a07e-5d24c0d3a442,TRUE,Salbutamol Co 4mg
3099b446-010e-426a-ba02-bf62f1077f2e,TRUE,Salbutamol Pompe
d39b535c-9a32-49c1-b339-e512d811c44d,TRUE,Salbutamol Sirop 2mg/5 ml
bc56515a-cfb0-4dcd-a6e6-351e3bf1154c,TRUE,Saline flush 0.9%
311f1a89-0c75-4b34-bc88-00f2edee9400,TRUE,Senokot 17mg
e5e8b45b-83db-4a9d-8cd4-398c4e8081fa,TRUE,Simvastatin Co 20mg
45e91fa2-5458-4d2f-854b-11f08eb12801,TRUE,Solu-Medrol 125mg/5ml
18ce1953-f81d-4443-8b81-c3ec6d891767,TRUE,Sorbacid Sirop 375mg
dfc7e569-4e44-4b11-bc7f-4d0d7b768fd4,TRUE,Spiriva
cd228fc7-699d-4d47-a11f-9e72c8e940f1,TRUE,Spiriva HandiHaler 18mcg
88b343c0-a9e9-4b45-b57e-cc7014ab7f34,TRUE,Sulfacetamide 0.1
b0918013-25be-420f-b133-a76fbedb3406,TRUE,Symbicort 160mcg+4.5mcg
a8c6dff1-2d10-4002-8adc-f9a1a86b611a,TRUE,Tetracycline
fa34b226-60bf-4597-8047-72e2b5ef549b,TRUE,Tetracycline 500mg
ff3576e9-5c64-432a-9cc4-de46e808a290,TRUE,Tetracycline Ophtalmique
2b6dca2c-1499-4724-8648-42d996a57c6d,TRUE,Tilvit Sirop
d3916ced-81fa-455f-bac7-f0afed65d9b1,TRUE,Tobradex 0.3%+0.1%
2f6bc24e-bd9e-4520-a6ba-f999ef7cbafd,TRUE,Tolnoftate 1%
85000244-5a6c-4ad5-98c1-49f7eaf69fc5,TRUE,Tramadol Injection vial 100mg
80aded9f-32f0-4d5d-800c-043508f65ad8,TRUE,Trazidex Onguent Ophtalmique
e42af6eb-e624-402e-bb26-ff2540a390d0,TRUE,Tudorza Pressair 400mcg
fc882328-40ef-4fa3-852f-81f69fcf954f,TRUE,Tums
7c61da9b-9c70-484f-8da7-ca9a45aa56f9,TRUE,Ultracet 37.5mg+325mg
28dc1ebd-945e-4795-9060-5c60ffb5a577,TRUE,Ultram 50mg
5449d13a-591f-4840-9739-870966625f0f,TRUE,Valtrex 1g
1f543777-ea62-4cd5-b0b8-76edfca2b736,TRUE,Virufen forte Sirop
827f6978-a666-4c58-8218-7388fdcc6fa3,TRUE,Visine 0.05%
8a54b957-8c4d-4ab6-9e42-575bf5b7be83,TRUE,Vitamin A
52128175-f648-4a4b-bb2d-4d7a97ea4b6e,TRUE,Vitamin B12 1000mcg
c5e1437f-e7d9-4016-8ceb-ce70056b6c8e,TRUE,Vitamin C Co 500mg
85580d71-7bef-415c-8b88-4168285ace82,TRUE,Vitamin C Gouttes 100mg/ml
ac6c90a6-1070-4ef7-a24a-8a668367b1fa,TRUE,Vitamin C Sirop 500mg/5ml
481e357d-6c45-4c8a-beec-6d8f858f2552,TRUE,Vitamine B-Complex Co
af3fce1f-dcb1-4f76-ad4c-b8ebda43070c,TRUE,Vitamine B-Complex Injection
07a5d160-973c-422b-89db-9aeddd8d70a1,TRUE,Voltaren 1%
8833d035-ac2d-4d23-b5cc-720ebfee1533,TRUE,Xopenex
f321c087-0a5b-48c1-a605-3954e6159b86,TRUE,Xylocaine
d5d560bc-e481-4874-93d0-a1023d1ce766,TRUE,Zantac 150mg
47453ba1-85f2-4c78-b1c7-8b3c79e40df2,TRUE,Zeasorb 2%
d6f041d9-cf9b-4208-87fa-355a4ef6fcaa,TRUE,Zofran 8mg
3cff7277-8c40-40fe-bdee-79c04376447b,TRUE,Zyrtec 10mg
1f00446e-7247-4c01-88b3-8ca215e29e23,TRUE,Zyrtec 1mg/1ml
8047be01-5891-4404-9a92-59f969c82050,TRUE,ALPHA LIPOLIC ACID 300 CAPS 30 CAPS/BOX
4fe31f1b-fce6-43e7-bb7d-20c40b379f68,TRUE,ANTI HEMORRHOIDS CREAM 30 GRAM /TUBE
b4c0814d-d4fd-4a78-ab65-d90a5c85bddb,TRUE,ANTI HEMORRHOIDS CREAM 20 GRAM /TUBE
b1271e8a-533c-43d9-9f6d-9748dd538a88,TRUE,ANTIHISTAMINE DECONGESTANT EYE DROPS 5 ML /BOTT
7ebc0e69-268b-4f12-8cd4-a8f8662310b0,TRUE,ANTIHISTAMINE DECONGESTANT SYR 100 ML /BOTT
72500b0b-a249-4b22-8866-d59f7d54f6f5,TRUE,ANTILICE SPRAY (WITH COMB) DIMETHICONE 100 ML /BOTT
6788abc5-ad6b-4266-beea-92f0c3d7ef00,TRUE,ANTILICE SPRAY (WITH COMB) DIMETHICONE 60 ML /BOTT
dca74968-4c9d-45d6-a8cc-58a3d5b3bfba,TRUE,ARTIFICIAL TEARS EYE DROPS 15 ML /BOTT
2a56e3f5-1cdf-4ac8-b388-db587bf08828,TRUE,AZITHROMYCIN 250 4 TAB /BOX
071146c1-0f43-462a-941d-6fe0d1b921c3,TRUE,CACO3 & MGSO4 CHEW TAB 96 TAB /BOX RENNIE
2018c7f0-c96e-4872-8f46-0dc345507848,TRUE,CHLORHIXIDINE & PANTHINOL CREAM 50 GRAM /TUBE
c55496c3-1aba-4e48-a2e2-43db7bf0a5db,TRUE,COPPER IUD
af19a3fb-49b9-425d-9c7d-e36ec79a496d,TRUE,DEXAMETHASONE ; POLYMYXIN B SULFATE ; NEOMYCIN SULFATE EYE DROPS
b9a711a8-92ea-4f4b-9f75-0bfe5048ad88,TRUE,DEXAMETHASONE ; POLYMYXIN B SULFATE ; NEOMYCIN SULFATE EYE OINT
86026f2f-0903-4c8b-abff-93d943a626d9,TRUE,DICLOFINAC NA 100 SUPP 6 SUPP /BOX
1bc3adaa-4c73-4fa0-8290-b332c4ca421d,TRUE,DIMETHICONE ANTIFLAUTELENCE DROPS 30 ML /BOTT
d8c188df-3552-4824-bb38-b440e54066eb,TRUE,DUAL THERAPY CONTRACEPTIVE PILLS 3 CYCLES /BOX
73bd270f-1fdf-4db5-b726-7baa2b270577,TRUE,FOLIC ACID 30 TAB /BOX 30 TAB /BOX
8416af60-831b-4705-b2fb-4087d1d9189a,TRUE,GENTAMYCIN ; TRIAMSINOLONE ; NYSTATIN ( COMBINATION CREAM ) 15 GRAM /TUBE
dad97d46-3075-4490-a7f7-94e0e01b5ef0,TRUE,HIGH POTENCY VIT B COMPLEX 30 TAB /BOX
bd29422e-2f98-498d-9ae4-1f423e9e198b,TRUE,HIGH POTENCY VIT B COMPLEX 20 TAB /BOX
9237d7a5-a392-48e5-a62d-8d40b6b587b8,TRUE,HIGH POTENCY VIT B COMPLEX 5 AMP /PACK
f04e70ac-3460-41ef-9c2d-909ab9f45fa3,TRUE,HIGH POTENCY VIT B COMPLEX 6 AMP /PACK
80378749-c2c0-4941-9a77-daf0a2f9a545,TRUE,IVY LEAVES EXTRACT SYR 100 ML /BOTT
33be5339-01a4-46a0-87d8-065e060543be,TRUE,LACTULOSE SYR 300 ML /BOTT
66dcac3e-e871-40c0-97ee-8ab2463bb3d8,TRUE,MONO THERAPY CONTRACEPTIVE PILLS 3 CYCLES /BOX
767d0343-8335-4414-9707-04327b50c966,TRUE,MULTIVITAMIN (A TO Z ) SYR 120 ML /BOTT
1fb951bb-dbd5-4993-9272-fcdfede12baa,TRUE,MULTIVITAMINS (A TO Z ) 30 TAB/BOX IN FOR OF BLISTERS PVC
dae67cf3-b60f-4b6c-9cee-0510a8f8de0f,TRUE,NYSTATIN & METRONIDAZOLE VAGINAL OVULES 10 OVULES /BOX
a083f864-15f3-4d79-9299-31ed3fe765ac,TRUE,OMEGA 3 CAPS 1 GRAM 30 CAPS/BOX IN FORM OF BLISTERS
460daffe-740f-4370-893f-79885ec81842,TRUE,OMEGA 3 CAPS 1 GRAM 60 CAPS/BOX IN FORM OF BLISTERS
06789021-40f5-4d91-8b3c-c9da660dca37,TRUE,OXYTETRACYCLINE EYE OINT 5 GRAM/TUBE
ba9ea54d-b1d9-4de4-877b-73b50fde6ba4,TRUE,PANADOL MIGRAINE 30 TAB /BOX
fec87818-290b-416f-9c4e-f21fed49a7b6,TRUE,PANTHINOLIC ACID OINT. 30 GRAM /TUBE
353a0285-c6e1-4b59-93ed-05be5f070fd4,TRUE,PYRIDOXINE + MECLOZINE 20 TAB /BOX
17c6a3d9-3061-418b-8120-93ae6273fa7c,TRUE,RIVAROXABAN 10 MAG 30 TAB /BOX
f6546d86-b2e4-481b-80ac-a65aae0dc47d,TRUE,RIVAROXABAN 20 MAG 30 TAB /BOX
bf3db204-3367-4a28-bdb8-ecbae5b7573c,TRUE,SIMETHICON DROPS 30 ML /BOTT
864ef61f-4e21-447a-8558-144b357f7a92,TRUE,TETRACYCLINE EYE OINT. 5 GRAM TUBE
c6139f7f-0e85-4b3e-8d9e-3e461219be12,TRUE,TRIPROLIDINE 1.25&PSEUDOEFPHEDRINE 30& PARACETAMOL 20TAB /BOX
0f2378e8-a05d-43d4-aceb-9d1126fd443b,TRUE,WAX REMOVAL EAR DROPS 15 ML /BOTT
ac06cedd-2b1a-423f-9505-b2f98a62f337,TRUE,ASCORBIC ACID 750 MG; ZINC OXIDE 25 MG 30 CAPS /BOX
3c12aebe-f2ca-4dd1-98fa-4135dca390c9,TRUE,ACETYL SALCYLIC ACID 100 MG TAB 30 TAB /BOX
43a14660-0717-4c5b-91d2-c6b44ec4d074,TRUE,ACETYL SALCYLIC ACID 75 MG TAB 30 TAB /BOX
7a64e70e-aba6-4091-a694-2e5cac877f24,TRUE,ACYCLOVIR 2% CREAM 15 GR /TUBE
1f2dd12b-4d8d-4ba5-b8e6-0f369150669f,TRUE,ACYCLOVIR 2% CREAM 10 GR /TUBE
267cfac5-8a8a-4999-a786-0ea803476b3c,TRUE,ACYCLOVIR 800 MG TAB 35 TAB/BOX
3908881e-74c0-48fa-9715-535d44f40a0a,TRUE,ACYCLOVIRE 100 MG SYR 100 ML /BOX
4fc02439-3df1-4248-8a28-e8cb8c1b54c3,TRUE,ALENDRONATE NA 70 MG/TAB 4 TAB /BOX
40b89394-c219-43aa-a383-90c257dd4308,TRUE,ALFACALCIDOL 0.25 MG 30 CAPS /BOX
24953a53-ff11-4907-adcd-f41dc73a3e4b,TRUE,ALFACALCIDOL 1 MG 30 CAPS /BOX
42d896a8-3b59-424a-9e51-88a936ea9595,TRUE,ALLOPURINOL 100 MG TAB 30 TAB /BOX
7bb03eb0-6d69-4dff-8c1c-45ed735892eb,TRUE,AMILODIPINE 5 MG 30 TAB /BOX
39ff897c-eef1-4add-be2f-732d59d82213,TRUE,AMOXICILLIN 400 MG + CLAVULANIC ACID 57 MG 70 ML /BOTT
ff98561a-0733-4d1f-a3d4-0d38b2997946,TRUE,AMOXICILLIN 400 MG + CLAVULANIC ACID 57 MG 35 ML /BOTT
1384ce8a-c788-407e-960f-29632d7a7fe9,TRUE,AMOXICILLIN 400 MG + CLAVULANIC ACID 57 MG 80 ML /BOTT
5240dd16-27c1-43f4-8a0d-8cf41210394e,TRUE,AMOXICILLIN 500 MG + CLAVULANIC ACID 125MG 20 CAPL /BOX
634a40a1-9723-4797-bd4d-b90822831b60,TRUE,AMOXICILLIN 500 MG + CLAVULANIC ACID 125MG 16 CAPL /BOX
5d50c822-3dac-4725-87c4-b37afc292f76,TRUE,AMOXICILLIN 500 MG + CLAVULANIC ACID 125MG 12 CAPL /BOX
5fbab5a6-057a-42de-92b6-5fadc24610e2,TRUE,AMOXICILLIN 500 MG 16 CAPL/ BOX
6b803e40-26e4-408e-9a04-8fc6c5b6d1fb,TRUE,AMOXICILLIN 875 MG & CLAVULANIC ACID 125 MG 14 TAB/BOX
3b466548-6ac8-4879-9d1f-271160a38010,TRUE,AMOXICILLINE 125 MG 100 ML /BOTT
98521991-6e8a-4fcd-b817-690bc0fc6d39,TRUE,APIXABAN 5 MG TAB 60 TAB /BOX
c624c3e5-e898-40e2-bf09-c8d31fbd60f9,TRUE,ATORVASTATIN 20 MG 30 TAB /BOX
1472959d-3cb9-44c8-bde7-8c2b3ea3d503,TRUE,ATORVASTATIN 40 MG 30 TAB /BOX
154d6821-3e95-44c2-beb6-d84473f52e3a,TRUE,AZITHROMYCIN 500 MG CAPS 5 CAPS/BOX
407a1a13-66a8-412c-bb38-73c3705ce04f,TRUE,AZITHROMYCIN 500 MG CAPS 3 CAPS/BOX
2ba15af0-ca74-455c-9e1f-f9ef62609063,TRUE,AZITHROMYCINE 200 MG SUSP 22.5 ML /BOTT
77d9beca-d0ba-4668-a1a6-a5b2725c380d,TRUE,AZITHROMYCINE 250 MG CAPL. 6 CAPS /BOX
fa3d0ab7-6ec7-4f62-8994-c2a56d50f8b7,TRUE,AZITHROMYCINE 250 MG CAPL. 4 CAPS /BOX
09a6b697-6031-4bd9-a4b2-0b442218b301,TRUE,B- SITOSTEROL 0.025 MG OINT 30 GRAM /TUBE
2977ddf4-2a2f-4a80-b715-331eecae2b0a,TRUE,BECLOMETHASONE 100 MCG 200 BUFF /BOTT INH
855735dd-9ca7-404b-82fd-aa14b0be5b2d,TRUE,BECLOMETHASONE 250 MCG 200 BUFF /BOTT INH
aba6c429-65aa-472a-8a3d-8a2f2191fb58,TRUE,BETAHISTINE 16 MG TAB 20 TAB /BOX
dd9e9bc5-e1d5-4cc8-a612-dfbc05028fdd,TRUE,BETAHISTINE 16 MG TAB 30 TAB /BOX
ea00503e-a49e-424a-9a11-df72adc92440,TRUE,BETAHISTINE 16 MG TAB 60 TAB /BOX
b2ee52ca-8d26-4448-8b9b-7be350f40688,TRUE,BETAMETHASONE 1% CREAM 15 GR /TUBE
51e16584-e1c6-4a63-b21c-440f6f4706ef,TRUE,BETAMETHASONE 1% OINT. 15 GR /TUBE
edb3ed63-29c8-414d-94c6-6712146f2597,TRUE,BETAMETHASONE 2 MG /2 ML AMP
8211bc1e-b8d2-416a-ab3f-4f195c6c8367,TRUE,BISACODYL 5 MG TAB 30 TAB /BOX
40d3d143-5d92-4139-b28c-e6dd92fca0aa,TRUE,BISACODYL 5 MG TAB 20 TAB /BOX
ab1cb142-83dd-43ac-bdc1-9a2b4b496ab4,TRUE,BISACODYL 5 MG ; DIOCTYL NA PHOSPHOSACCINATE 100 10 TAB/BOX
70cf7d9f-233b-42f1-adbb-8af189d5080e,TRUE,BENZATHINE BENZYL PENICILLINE (LAP) 1.2 MIU
4eacbe6e-e456-48ba-ac2d-72f231a9d46b,TRUE,BENZATHINE BENZYL PENICILLINE (LAP) 2.4 MIU
33cb156f-2d88-44e2-9b4a-0c6c1d1ffb04,TRUE,BISOPROLOL HEMIFUMARATE 5 MG 30 TAB /BOX
84564259-4ab8-4074-ae16-560c8143f645,TRUE,BISOPROLOL HEMIFUMARATE 10 MG 30 TAB /BOX
7249b9ef-abf4-4907-8c36-0c244cb5d282,TRUE,BRIMONIDINE 0.1% EYE DROPS
10967515-54ed-424f-93e7-0a2ae76deb54,TRUE,BUDESUNIDE 400 MCG CAPS 60 DOSE /BOX
32724e9d-1515-4b91-95fa-6211f499da33,TRUE,CABERGOLINE 0.5 MG TAB 2 TAB /BOX
13d15a7e-b721-440c-820e-d3bc4f5d9997,TRUE,CALAMINE 15% & ZINC OXIDE 5% LOTION
352b81f6-9201-469a-9890-416ba049ef16,TRUE,CALCIUM 600 MG & VIT D3 60 CAPS /BOX
8325cb3d-7819-44fd-a0a2-e117002c7b0a,TRUE,CALCIUM 600 MG ;VIT D3 ;MAG. & ZINC 20 EFF TAB /BOX
31fe2d0b-71de-431d-a0b2-a70e7f42dbde,TRUE,CANDESARTAN & HCT 16/12.5 MG 28 TAB /BOX
91884176-9027-41e1-9bc9-b779ffd4934b,TRUE,CANDESARTAN 16MG 28 TAB /BOX
73ef91f7-8642-4ff1-ad4b-0245ab3e95f2,TRUE,CANDISARTAN 8 MG 28 TAB /BOX
3c61d700-ad41-4726-8b04-17e1885c35ca,TRUE,CARBIDOPA /LEVODOPA 250/25 MG 20 TAB /BOX
1dd83eb9-8b69-44f9-a7f4-1e51b5afc34d,TRUE,CEFALEXIN 500 MG CAPS 12 CAPS/BOX
e6dcf5a8-d7d3-4f13-8a3e-fbdee37a10de,TRUE,CEFALEXIN 1000 MG CAPS 8 CAPS/BOX
5882de49-dc38-445f-b7dc-cb03ad413499,TRUE,CEFDINIR 250 MG 60 ML /BOTT
884daca2-a6b2-44c0-af88-864c9c310093,TRUE,CEFDINIR 300 MG CAPS 10 CAPS /BOX
1e92a093-d006-4f10-ab9b-389222459296,TRUE,CEFIXIM 100 MG 75 ML /BOTT
9f435d1d-9c8e-49de-8b23-507ea9ca9ef4,TRUE,CEFIXIM 200 MG 10 TAB /BOX
134779bb-2a0e-4af2-a9ca-8caef26eb1a4,TRUE,CEFIXIM 400 MG 5 TAB /BOX
5f9f55bb-e643-4493-bbce-aa544d9343c0,TRUE,CEFUROXIME 500 MG TAB 10 CAPL /BOX
6befa1f4-a22b-4872-b87b-78c54c03d4d8,TRUE,CEFUROXIME 500 MG TAB 20 CAPL /BOX
90e7a5ba-075f-4773-86e2-f50418779800,TRUE,CELECOXIB 100 MG CAPS 20 CAPS /BOX
f2f18d45-5760-4937-b7c8-8f2ef50bdf7f,TRUE,CELECOXIB 200 MG CAPS 10 CAPS /BOX
49468113-cbf9-4776-960c-b76370602422,TRUE,CELECOXIB 200 MG CAPS 20 CAPS /BOX
22395d41-b1a1-443f-9989-9ac4f1a85885,TRUE,CELECOXIB 200 MG CAPS 30 CAPS /BOX
d87ef2a0-18d2-494f-b9d5-44e2108d530b,TRUE,CHLORPHENERAMINE 2 MG / TAB 20 TAB /BOX
12aa04c3-fde9-4ece-ab64-a1f50e6774f6,TRUE,CHLORPHENERAMINE 4 MG / TAB 60 TAB /BOX
534e5b53-e48b-47cb-b970-dab947c52639,TRUE,CHLORPHENERAMINE 2 MG /5 ML SYR 100 ML /BOTT
320bd5bb-342e-4f6b-84cf-8271322bd384,TRUE,CHLORPHENERAMINE 8 MG & PSUEDOPHRINE 120 MG CAPS 10 CAPS/BOX
dd6693b7-b8c1-4710-860c-b12cf65d677d,TRUE,CINNARIZINE 25 MG TAB 20 TAB /BOX
0ab655e0-a7ea-4d2d-a54d-8f57fecca31e,TRUE,CIPROFLOXACIN 500 MG CAPLETS 10 CAPL./BOX
154df211-896f-4168-968c-e45b8534a853,TRUE,CIPROFLOXACIN HCL 0.2%& HYDROCORTISONE 1%
80d30e22-7d97-46ba-9d6a-a1b718f1ce41,TRUE,CLINDAMYCIN 2% VAG.CREAM 20 GRAM WITH APPLICATOR
0baefd89-8217-463f-b03f-12787f92e530,TRUE,CLINDAMYCIN 300 MG CAPS 16 CAPL./BOX
98499af9-91e5-45b0-a683-0dcc0e2a7cb4,TRUE,CLINDAMYCIN 300 MG CAPS 10 CAPL./BOX
9c523c74-7889-46fa-83c4-24a4d4b378db,TRUE,CLOBETASOL PROPIONATE 0.05% CREAM 25 GRAM /TUBE
1939e2ac-ba4c-4e52-bef9-b5649c919845,TRUE,CLOMEPHENE CITRATE 50 MG 10 TAB /BOX
6c5d3265-79d9-4c17-bdb6-fb3e48a9a40f,TRUE,CLOPIDAGRIL 75 MG 30 TAB /BOX
1b464816-17f5-4391-b33b-3bbd4f243237,TRUE,CLOPIDAGRIL 75 MG 100 TAB /BOX
4402b74f-50f7-40e4-bc99-e7c8851fc889,TRUE,CLOTRIMAZOLE 200 MG 6 PESS/BOX WITH APPLICATOR
06ebb7f4-95cf-4199-9945-580e4bf2809e,TRUE,CLOTRIMAZOLE 1% 30 GRAM /TUBE VAG. CR. WITH APPLICATOR
b1668a0d-39f6-4c7a-81e4-c73554a78c4e,TRUE,CLOTRIMAZOLE 1% &HYDROCORTISONE 1% CREAM 30 GRAM /TUBE
e6e1dbc6-3de8-458e-80ad-08e8755dada7,TRUE,COLCHICINE 0.5 MG 30 TAB /BOX
f7042670-3161-4b7f-b842-01dea8f801d0,TRUE,COLCHICINE 0.5 MG 100 TAB /BOX
a8815f5a-aad3-4778-a632-3188727d261e,TRUE,COLLAGENASE 0.6 IU FOR ENZYMATIC DEBRIDEMENT IRUXOL GEL 15 GRAM /TUBE
13eddaff-c6a4-4de3-a8e2-fb5840949cae,TRUE,DAPAGLIFLOZIN 10 MG TAB 30 TAB /BOX
62faf35f-b161-4016-a935-d9eb03491d77,TRUE,DECONGESTANT NASAL SPRAY0.05% 10 ML /BOTT
7452b286-8367-48fe-af72-15509bdcfeb3,TRUE,DESLORATIDINE 5 MG 30 TAB /BOX
40ee75ab-390c-4530-8c85-db3c02532e89,TRUE,DEXAMETHASONE 0.5 MG & CHLORPHENERAMINE 2 MG 100 ML /BOTT
288572e5-5539-45ed-ab66-7190fbdb44d5,TRUE,DEXAMETHASONE 4 MG AMP 100 AMP/BOX
3cb23c04-5597-4ecc-973f-a6ba15663639,TRUE,DEXAMETHAZONE 8 MG 30 TAB /BOX
eb64a716-cb9f-4f78-a24d-2705cdb3d0cb,TRUE,DEXCHLORPHENERAMINE 2 MG / TAB 1000 TAB /BOX IN FORM OF BLISTERS PVC
839fb359-fa73-4a72-a04b-3c7da2db3e6e,TRUE,DEXCHLORPHENERAMINE 2 MG /5 ML SYR 100 ML /BOTT
5add8827-678c-4888-99b4-7a8a93930455,TRUE,DEXIBUPROFEN 400 MG 30 TAB /BOX
16554b81-3415-430d-bb02-419e8f4ac459,TRUE,DEXTROMETHORPHAN HBR 10MG/5ML; PSEUDOEPHEDRENE HCL 30MG/5ML;TRIPROLIDINE HCL 1.25MG/5ML
b22f9a4c-fe60-47ba-8a64-94304938af2b,TRUE,DICLOFENAC SODIUM 1% EMULGEL 30 GR /TUBE
f0fc44c2-4c76-47cc-a224-699b97c9f014,TRUE,DICLOFENAC SODIUM 12.5 MG SUPP 6 SUPP/BOX
6c031085-e8a6-4e2d-a610-c2edd151ed51,TRUE,DICLOFENAC SODIUM 25 MG SUPP 10 SUPP/BOX
023d1404-d81d-4299-b4ee-9dabd2b2520a,TRUE,DICLOFENAC K 50 MG TAB 30 TAB /BOX
bcdb63b0-b9dd-4d67-ab43-bf916e9099af,TRUE,DICLOFINAC NA 50 MG TAB 20 TAB/BOX
22d7b9a1-b4a9-4c18-9440-4200663a8f75,TRUE,DICLOFINAC NA 50 MG TAB 30 TAB/BOX
e9bfba77-3469-4046-ac77-b688bd1ced76,TRUE,DICLOFINAC NA 75 MG AMP
ba50d23d-edd8-45a2-8221-9131d538d122,TRUE,DICLOFEN 75MG. 10 SUPP. DICLOFEN
aa29f270-bd57-4957-ab32-c50395b13b37,TRUE,DORZOLAMIDE 2% EYE DROPS & TIMOLOL 0.05%
b9b1f2aa-77d0-4914-8e3a-f8f6142e6e9b,TRUE,DOXALAMINE 25 MG & PYRIDOXINE 50 MG 30 TAB
cebd65b7-596b-4837-ba47-ad4d61c89a15,TRUE,DOXYCYCLINE 100 MG TAB 10 TAB /BOX
b3ab4acd-e41e-432b-ba59-6b970e8640ef,TRUE,DOXYCYCLINE 100 MG TAB 100 TAB /BOX
cdf9c2b6-8510-4ec2-bb9c-a6984cf230d4,TRUE,DYDROGESTERONE 10 MG 60 TAB /BOX
fe350083-178f-4416-a8a5-20ee4ceef16f,TRUE,ENALAPRIL MALEATE 20MG 30 TAB/BOX
27fcbc55-cd0b-480f-8d7c-92dc04c826f4,TRUE,ESOMEPRAZOLE 40 MG 28 CAPS /BOX
f6b67b8e-4776-4f8c-8f42-bbd7c778d1fd,TRUE,ESOMEPRAZOLE 40 MG 30 CAPS /BOX
d11a66e1-c9f1-44ae-b8e2-859028338116,TRUE,FAMOTIDINE 40 MG 30 TAB /BOX
1519dc30-0be8-4294-b09d-c63a63dd2511,TRUE,FERROUS SALFATE 50 MG 15 ML /BOTT DROPS
04dff961-66b1-4826-9de7-5f4901c08d22,TRUE,FERROUS SALFATE 60 MG 30 TAB /BOX
48a62c6a-69c4-42e5-99ef-82b5de4c7138,TRUE,FEXOFENADINE HCL 180 MG /TAB 15 TAB /BOX
85d1f160-c969-49d7-9c78-76845f919558,TRUE,FLUCONAZOLE 150 MG CAPS 1 CAPS/BOX
a0880d24-bf87-48cb-b350-3e522f7a4f0f,TRUE,FLUCONAZOLE 150 MG CAPS 2 CAPS/BOX
31a6ab93-513b-4daa-a091-ecadb331a786,TRUE,FLUCONAZOLE 150 MG CAPS 6 CAPS/BOX
b4a68d92-4e7d-4358-821a-44b09ea75dc4,TRUE,FLUCONAZOLE 200 MG CAPS 7 CAPS/BOX
2a7bf130-3a8f-4005-b14e-6065f2871523,TRUE,FLUOROMETHOLONE 0.1% EYE DROPS 5 ML /BOTT
a28faa87-dd57-4c8c-8589-f7fa924dd317,TRUE,FLUTICASONE 0.05 % NASAL SPRAY 120 METERED DOSE
37556c05-0d41-4448-840b-c6c4a3a27874,TRUE,FOLIC ACID 400 MCG & IRON 60 MG 30 TAB /BOX
b6f7ab69-1d89-4dca-bcbf-8a3884ac5202,TRUE,FORMETEROL 12 MCG CAPS FOR INHALATION 30 CAPS/BOX
7a1f77e4-447e-420a-9e71-23eeea75b375,TRUE,FUCIDIC ACID 2% & HYDROCORTISONE 1% CREAM 15 GR /TUBE
12fbb594-cda2-4e25-8075-c6be08460203,TRUE,FUCIDIC ACID 2% & BETAMETHASONE 1% CREAM 15 GR /TUBE
fa17bb3c-7742-4cda-b198-df4457f70d45,TRUE,FUCIDIC ACID 2% CREAM 15 GR /TUBE
af8c2361-094d-43d4-8479-c7c46cc65bb6,TRUE,FURAZOLIDONE 20MG/TAB; KAOLIN 40MG/TAB; PECTIN 40MG 20 TAB /BOX
aa3cf11e-e28a-4476-981c-365cebb7ccc3,TRUE,FUROSEMIDE 40 MG 30 TAB /BOX
c46119d1-2937-4e9a-b50c-2f3726cd3ce6,TRUE,FUROSEMIDE 40 MG 24 TAB /BOX
edea8185-b85b-4dda-9524-731ef94c09db,TRUE,GENTAMYCIN 0.1 % DROPS 5 ML /BOTT
b7473ae9-8df1-4d36-af60-1869777f1617,TRUE,GENTAMYCIN 2% CREAM 15 GR /TUBE
6e744ceb-6659-45e8-ace5-233af3dc8cdc,TRUE,GLICLAZIDE 80 MG TAB 100 TAB /BOX
336473fe-81cb-469f-8abb-24e437db0581,TRUE,GLIMEPRIDE 2 MG 30 TAB /BOX
af3f89c8-5ff0-4a08-8863-7ddc4ea626a8,TRUE,GLIMEPRIDE 3 MG 30 TAB /BOX
157d09fc-dad9-4027-bd6d-14f8f4532c9b,TRUE,GLIMEPRIDE 4 MG 30 TAB /BOX
a6cc425c-d0c1-4f88-b6f7-09e80f57ff5a,TRUE,GUAIFENASINE 100 MG & TRIPROLIDINE SYR 100 ML /BOTT
d28de05b-7d45-4271-99b3-5215c14755c0,TRUE,GUAIFENASINE 100 MG;PSEUDOEPHEDRENE HCL 30MG; TRIPROLIDINE HCL 1.25MG/5ML
5c3b25f1-c1b0-477e-b0bd-1a66cf86b652,TRUE,GUAIFENSIN & BROMHEXINE & TURBUTALIN & MENTHOL 125 ML/BOTT ALL-VENT SYR
519b6141-aec3-4dbd-9bdb-9c9e73622667,TRUE,HEXAMINE-SODIUM BENZOATE EFF. POW 125 GRAM /JAR
58ffc334-c62a-4966-bd1b-97716884c50e,TRUE,HEXAMINE 500 MG ; KHELLINE 1.83 MG 12 SAC/BOX
0492f042-4e8d-431f-b905-9bfa77abe3a5,TRUE,HYDRALAZIN 20MG /1ML AMP
3fb92fd3-1c98-4ed2-8d12-682a811429ea,TRUE,HYDROCHLOROTHIAZIDE 25 MG 30 TAB /BOX
fa4baaf7-8d52-4234-a4ad-8b0f7a0714e3,TRUE,HYOSCINE -N- BUTYL BROMIBE 10 MG AMP 10 MG /AMP 100 AMP /BOX
8b8b9212-df9f-4a9d-a800-e60c9ea612e5,TRUE,HYOSCINE -N- BUTYL BROMIBE 10 MG TAB 20 TAB /BOX
37926843-ec5a-4719-aadf-2c4e7fd5f54b,TRUE,HYOSCINE -N- BUTYL BROMIBE 10 MG & PARACETAMOL 500 MG TAB 20 TAB /BOX
e0d225f8-aab7-44b5-b426-31fb237b72a6,TRUE,IBUPROFEN 100 MG & PSUDOEPHEDRINE 15 MG SYR 100 ML /BOTT
93c362f9-ab42-497a-920a-8aaf393e9845,TRUE,IBUPROFEN 100 MG SUSP 75 ML /BOTT
c550d4da-f38d-4de3-9b7d-37b926db3365,TRUE,IBUPROFEN 100 MG /5 ML 120 ML/BOTT
6be58bbc-51ae-4611-ad99-be651fa9a1fb,TRUE,IBUPROFEN 100 MG & PSUDOEPHEDRINE 15 MG & CHLOROPHENIRAMINE 1 MG /5 ML 115 ML /BOTT
ff99e761-672f-460e-a2c5-03b07a10f8f4,TRUE,IBUPROFEN 200 MG 100 TAB /BOX
34f110f7-5895-456c-84ad-cc05a41aefbe,TRUE,IBUPROFEN 200 MG /5 ML SUSP 100 ML /BOTT
ccfa10d5-b0ab-4642-8634-2200cc8fa671,TRUE,IBUPROFEN 200 MG /5 ML SUSP 120 ML/BOTT
e8687176-003a-4c28-a182-1c4cf3bf98f1,TRUE,IBUPROFEN 200MG & Pseudoephedrine 30MG 20 TAB/BOX
0c72aef0-8402-4989-a0cf-ccb5f7a674d2,TRUE,IBUPROFEN 400 MG CAPL. 30 CAPL./BOX IN FORM OF BLISTERS PVC
e86a5b4a-c3a0-4d4b-8b45-0d4ee154bc3e,TRUE,IBUPROFEN 400 MG CAPL. 1000 CAPL./BOX IN FORM OF BLISTERS PVC
28c60afe-cf69-4d06-a17c-dc5c4d0ed7be,TRUE,IBUPROFEN 600 MG CAPL. 500 CAPL/BOX IN FORM OF BLISTERS
c97fd369-36e7-44e3-92f8-89254b3cfe23,TRUE,INDOMETHACIN 25 MG 10 SUPP./BOX
f2640bbb-7d53-4f4c-90e5-d30e6117efd7,TRUE,IRON SULPHATE 125 MG /ML 30 ML/BOTT
17beeb1d-2f7b-4d9a-b175-45024f624791,TRUE,ISO-SORBIDE DINITRATE 5 MG SL 100 TAB /BOX
447d1117-acad-46f0-8671-b9143ee0609a,TRUE,ISO-SORBIDE MONONITRATE 20 MG 30 TAB /BOX
d55545ca-0d38-42f3-9ad5-807c876f28fa,TRUE,ITRACONAZOLE 100 MG CAPS 4 CAPS /BOX
fcda26d8-7c78-4451-af6d-cb097cde66ef,TRUE,KETOCONAZOLE 2% CREAM 15 GR /TUBE
14692499-3f00-40a7-953f-87b94be07a53,TRUE,KETOPROFEN 150 MG 30 TAB /BOX
ca277064-8132-4736-9de3-b70290cf5a7a,TRUE,LEMOFLOXACIN 0.1 % DROPS 5 ML /BOTT
05ef7bc5-b167-4815-8092-b7e3940026b4,TRUE,LETROZOLE 2.5 MG 30 TAB /BOX
ea6c9cce-ac22-44e0-89ad-3fe40b232a1e,TRUE,LEVOFLOXACIN 0.1 % EYE DROPS 5 ML /BOTT
da1b8815-5688-4ca2-90fe-a51c2290966b,TRUE,LEVOFLOXACIN 500 MG CAPLETS 5 CAPL./BOX
62b31d0b-0f15-437f-9d81-c24b54cd98e9,TRUE,LEVOFLOXACIN 750 MG CAPLETS 7 CAPL./BOX
204a7a57-e16a-411e-bfc1-2521a89ac2ae,TRUE,LEVOTHYROXINE 50 MG TAB 100 TAB /BOX
6eed3f3b-5a18-4f66-a616-fdca552277b3,TRUE,LEVOTHYROXINE SODIUM 100MCG 100 TAB /BOX
216c17a1-df94-4837-9422-8131cfdd6593,TRUE,LORNIXACAM 8 MG TAB 30 TAB /BOX
4c58b571-8581-45a4-9ce4-50dc36dc9470,TRUE,LOSARTAN 100 MG 30 TAB /BOX
d4ceae03-57ea-4061-b874-e3eaf3c4a0de,TRUE,LOSARTAN 50 MG 30 TAB /BOX
95e1cd2b-a79f-424c-a3d1-0ceb3a79736c,TRUE,MAGNISIUM 250 MG TAB 30 TAB /BOX
fa6a4360-397c-43bb-a558-3b92fd51ace5,TRUE,MEBENDAZOLE 100 MG SUSP 30 ML /BOTT
d17a58fe-b44c-48de-b12e-8e399c74f8a8,TRUE,MEBENDAZOLE 100 MG TAB 6 TAB /BOX
452a1888-1f62-4a84-a7b6-6664a107331b,TRUE,MEBENDAZOLE 100 MG TAB 1000 TAB /BOX
231bc0ef-7ca7-40d2-99c0-7727b227515a,TRUE,MEDROXYPROGESTERONE 10 MG 20 TAB/BOX
6543b7e1-a259-4c32-b2af-b289f2489a71,TRUE,METHYLDOPA 250 MG 30 TAB/BOX
a900ffbc-10a7-4eda-886f-3631ad758a01,TRUE,METHYLDOPA 250 MG 100 TAB/BOX
c1fa8769-a517-4b97-9de1-e25e9012e131,TRUE,METOCLOPRAMIDE 10 MG 2ML /AMP
30cf6fb3-6ab9-4a41-982b-7f4b74d49dfb,TRUE,METOCLOPRAMIDE 10 MG TAB 100 TAB /BOX
56600b46-6f7c-4b63-aa00-72210a5e140c,TRUE,METRONIDAZOLE 125 MG 120 ML /BOTT
b6ac45ab-47f1-4544-a506-a895e7cd33d3,TRUE,METRONIDAZOLE 125 MG 100 ML /BOTT
ce47858d-7ba1-43ee-8827-8ba1adc6183e,TRUE,METRONIDAZOLE 500 MG 20 TAB /BOX
fa4bc0a8-731c-4737-8732-dbf82c376e4d,TRUE,METRONIDAZOLE 500 MG VAG 5 TAB /BOX
07f6c9e4-4c52-42c5-ad3c-7b7acef92c3b,TRUE,MICONAZOLE 400 MG VAG. OVULES 3 OVU./BOX
5b1838af-1df5-40b0-b3b1-f0496c777049,TRUE,MICONAZOLE 2% CREAM 15 GR /TUBE
35e0eef8-85a2-45d5-beaf-86ec0eb78624,TRUE,MICONAZOLE 2% ORAL GEL 40 GR /TUBE
f3130dee-e20c-40b6-be01-87ec5d6c25ad,TRUE,MICONAZOLE 2% ORAL GEL 20 GR /TUBE
f9f8bdab-5d19-462a-892f-d648a5856cc2,TRUE,MICONAZOLE 2%& NYSTATIN & NEOMYCIN & HYDROCORTISONE VAG.OVU 6 OVU/BOX
f3bfc2a6-856c-4929-b330-f2d47543dab7,TRUE,N- ACETYLCYSTIENE 200 MG CAPS 20 CAPS /BOX
22a4f561-b608-4486-82e8-b44ffe64b1df,TRUE,N-ACETYL CYSTIENE 300 MG 10 SAC/BOX
cd55f769-7855-41a2-8427-fe0a5a89844e,TRUE,N-ACETYL CYSTIENE 300 MG 30 CAPS /BOX
b7c3dbfe-9a78-4b8a-b4e3-50cbcf9a05cd,TRUE,NIFIDIPINE 20 MG 30 TAB /BOX
eae7bc8e-d073-445e-97f9-641317c18884,TRUE,NIFIDIPINE 10 MG 100 TAB /BOX
34156055-9293-4d57-a35b-3e2f602c5413,TRUE,NIFIDIPINE XR 30 MG 30 TAB /BOX
eff35c67-f073-4be5-8dc5-6e9bccd6ffbc,TRUE,NITAZOXANIDE 500 MG 12 TAB /BOX
0d98c649-c48a-41ae-998f-7f69a1cfe512,TRUE,NITROFURANTION 100 MG CAPS 24 CAPS/BOX
f4cc9a8a-0167-43bc-8b13-3d68ea938167,TRUE,NITROFURANTION 100 MG CAPS 30 CAPS/BOX
74ade4b2-f705-4577-85a5-4ba20e98b3ac,TRUE,NITROFURANTION 50 MG CAPS 30 CAPS/BOX
353b4007-b95a-4586-a943-95249c3f708f,TRUE,NORETHISTERONE 10 MG TAB 20 TAB /BOX
2ed5d878-d906-4e21-b59e-648d298369e9,TRUE,OFLOXACIN 0.3% EYE DROPS 5 ML /BOTT
644f7f10-d136-479e-9474-5965712c1aa3,TRUE,OMEPRAZOLE 20 MG 30 CAPS /BOX
5a722ded-b67b-4665-af42-09d9e94f22ef,TRUE,OMEPRAZOLE 20 MG 14 CAPS /BOX
57d0086a-9736-440a-9268-48144fa5e002,TRUE,OMEPRAZOLE 40 MG 30 CAPS /BOX
c793c395-0e4e-484d-9bed-d42fc3765461,TRUE,ONDANSTERON 4 MG TAB 10 TAB /BOX
e240b68a-24bc-4ba2-8dc0-137fe0ae079a,TRUE,ORPHENADRINE 35 MG TAB & PARACETAMOL 450 MG 20 TAB /BOX
fba1cdd1-b7d6-4045-8b86-07dc9dc19c73,TRUE,OXYBUTYNIN 5 MG TAB 30 TAB /BOX
cd8760e6-1268-4cc4-b086-3a4a76c6d770,TRUE,OXYMETAZOLINE 0.5 % NASAL SPRAY 15 ML /SPRAY
523c3d1d-d188-4b86-ba54-25e74667b7b3,TRUE,PANTOPRAZOLE 40 MG 30 E.C. TAB PANTOVER 40
bf541033-7c33-4988-b009-de00cf182a1c,TRUE,PARACETAMOL 120 MG ;PYRILAMINE 25 MG ; PHENAYLEPHRINE 2 MG 100 ML/BOTT FLU SYRUP
127e34bc-89b6-4cf5-8d17-88496a663db0,TRUE,PARACETAMOL 1000 MG VIAL FOR IV INFUSION
779a2683-f13a-4dfe-b175-fcc57ab20824,TRUE,PARACETAMOL 120 MG SUPP. 5 SUPP./BOX
17078df7-d240-4b08-a45d-3766e0469663,TRUE,PARACETAMOL 125 MG SUSP 100 ML /BOTT
937fc444-6f1e-4eb3-9c2c-7832800f76d8,TRUE,PARACETAMOL 125 MG 60ML /BOTT CETAL
94c0d2d3-ac06-44b5-9359-36fac82b2f86,TRUE,PARACETAMOL 150 MG SUPP. 1000 SUPP./BOX
cb7b6175-3c3d-4e35-81f3-b02274c51255,TRUE,PARACETAMOL 150 MG SUPP. 500 SUPP./BOX
25969a32-fa72-465e-9409-f544b0ff96c8,TRUE,PARACETAMOL 250 MG SUSP 100 ML /BOTT
e4b775f5-01c2-4852-b84e-901740ef6ff3,TRUE,PARACETAMOL 300 MG SUPP. 1000 SUPP./BOX
398e55ee-2f3a-452b-9893-ae62ccd2c566,TRUE,PARACETAMOL 300 MG SUPP. 500 SUPP./BOX
57881011-7409-4e4a-a5a0-eb7ba2176bce,TRUE,PARACETAMOL 500 MG 1000 CAPL./BOX
4e5834e1-2492-471a-ab71-8992df1962bb,TRUE,PARACETAMOL 500 MG 100 CAPL./BOX
70eea08e-c8af-4b5c-b198-a33c2599dfb8,TRUE,PARACETAMOL 500 MG 20 CAPL./BOX
d3281735-7b77-4294-afec-c1e340384e28,TRUE,PARACETAMOL 500 ; DEXMETHORPHAN 10 MG ;PHENYLEPHRINE 5 MG AND CHLOROPHENERAMINE 2 MG TAB COLDATREXY 30 TAB /BOX
4161f429-d34d-446e-bc0d-49c534a46479,TRUE,PERMETHRIN 5% CREAM OR LOTION
055ded91-1fa3-413b-9094-ba7f0561a59c,TRUE,PHENAZOPYRIDINE 100 MG TAB 20 TAB /BOX
d666b947-b14b-4223-ab0d-f7f6cc2f2571,TRUE,PIROXICAM 20 MG CAPS 30 CAPS/BOX
44449d11-7d46-49ed-beb6-7ddccb55009c,TRUE,POVIDONE IODINE 10% VAG.SUPP. 15 SUPP/BOX
2bf5c490-b437-4255-9b03-48df781396d6,TRUE,PREDNISOLONE 15 MG/ 5 ML 60 ML /BOTT
b945d9ab-5107-4879-af01-8dc06aa41a84,TRUE,PREDNISOLONE 20 MG TAB 20 TAB /BOX
738e5e72-777a-40ea-8ed0-9108c0825df1,TRUE,PREDNISOLONE 5 MG TAB 40 TAB /BOX
2905c2ce-60f9-471c-b0c8-b0387d9f147b,TRUE,PREDNISOLONE ACETATE 0.1% 5 ML /BOTT
5a536822-f44d-477e-9547-b715304ab8fc,TRUE,PIPERAZINE 0.128 GR & COLCHICINE 0.5 MG 5MGRAM /SAC 12 SAC/BOX UROSOLVIN -N
9866ff46-a62c-49d5-81b9-8e54b1afb362,TRUE,PROPYLTHIOURACIL 50 MG
fd341c7c-e3b5-4e81-9b4d-34974c781947,TRUE,ROSUVASTATIN 10MG 30 TAB /BOX
6ef4be44-eba5-4465-8cce-28bb8e43d4b2,TRUE,ROSUVASTATIN 20MG 30 TAB /BOX
145d006a-3cee-4394-8a4e-0064541766ba,TRUE,SACUBITRIL 24.3MG & VALSARTAN 25.7MG TAB 28/BOX
c86dfb1d-2a6f-4ace-bf2e-911f4cb3b090,TRUE,SACUBITRIL 48.6MG & VALSARTAN 51.4 MG TAB
d8610472-8244-474c-8b01-a685b82d9e95,TRUE,SALBUTAMOL 2% SOLN. FOR INH 20 ML /BOTT
bd6b3938-25cc-43fb-92e6-76af149a7d97,TRUE,SALBUTAMOL 2MG 100 TAB /BOX
b952415a-1990-4c14-8d18-0bbdaf2ecd6b,TRUE,SALBUTAMOL 2MG SYR 150 ML /BOTT
9c4c6a99-4e0d-4744-84bf-e9c7592ed02c,TRUE,SALBUTAMOL 0.1 GM 20 ML /BOTT INH.SOLN.
9fd62e07-66b7-4909-be2c-0c155778674a,TRUE,SILVER SULFADIAZINE 1%
340aa11e-4f8b-4a0d-ad59-3bf04b0120f5,TRUE,SITAGLIPTIN 100 MG TAB 30 TAB /BOX
82961e06-01e5-4cf3-bba6-f86fefb0c780,TRUE,SPIRONOLACTONE 25 MG 30 TAB /BOX
c27acb8b-485a-4d61-a39c-3f869a4a0097,TRUE,SULFAMETHOXASOLE 200 MG&TRIMETHOPRIME 40 MG SUSP 100 ML /BOTT
09566b93-010a-408c-a8c8-f48e4201f226,TRUE,SULFAMETHOXASOLE 200 MG&TRIMETHOPRIME 40 MG SUSP 60 ML /BOTT
ef6ddc89-b2ed-4275-a277-71bebeaab131,TRUE,SULFAMETHOXASOLE 400 MG&TRIMETHOPRIME 80 MG TAB 20 TAB /BOX
92dd2beb-692f-4303-83a9-f738103f3b70,TRUE,TAMSULOSIN 0.4 MG 30 CAPS/BOX
b8cc5a0b-973d-4d2d-a36f-c72e35af8e2b,TRUE,TAMSULOSIN HCL 0.4MG + SOLIFENACIN 6 MG 20 TABS /BOX TAMSULIN PLUS
1137b4cf-d627-47f1-9293-c07972adab6e,TRUE,TERBENAFINE 250 MG TAB 14 TAB/BOX
62315e21-56d2-43f9-ae59-02bf67817795,TRUE,TETRAHYDROZOLINE 0.05% EYE DROPS 5 ML /BOTT
146c270b-18ee-4c27-82e7-5c189c3933e8,TRUE,TIMOLOL 0.15% DROPS
3a179c16-4637-44f9-8963-e18af4f1df21,TRUE,TINIDAZOLE 500MG/TAB
59f044dc-0730-49a4-b335-c02d938fd6da,TRUE,TERICONAZOLE 0.4% VAG.CREAM 30 GRAM /TUBE GYNOCONAZOL
a15a2fb6-8695-49a6-81d0-81f98bd77510,TRUE,TRANEXAMIC ACID 500 MG 30 TAB /BOX
1104ccac-4f24-426e-8757-3fe1c082a62f,TRUE,TIEMONIUM METHY SULPHATE ANTI-SPASMODIC 5 MG /2ML 3 AMP/BOX
68280bf1-3254-4ecb-ab89-7264fcbd4d3f,TRUE,TRETINOIN 0.025% 20 GRAM /TUBE
59ee6457-ed52-4eca-947b-e6adcad4e15f,TRUE,TRIPROLIDINE HCL 1.25 MG+ PSEUDOEPHIDRINE 30MG 100 ML/BOTT TUSSIBAL HONEY
7d85bc34-efbe-4049-939d-eed36606a677,TRUE,TRIPROLIDINE HCL 1.25 MG+PSEUDOEPHIDRINE 30 MG + GUAIPHENESIN 100 MG/5ML 100 ML/BOTT TUSSIBAL EXPECTORANT
c2336ce4-c7f4-43e8-b298-c7b8676b2561,TRUE,VALSARTAN & HCT 160/12.5 MG 30 TAB/BOX
2331a8da-d316-4f35-80c3-f2f847e0d0e3,TRUE,VALSARTAN & HCT 160/25 MG 30 TAB/BOX
2a7970b3-3b9f-4cf9-adc0-d435e3745e56,TRUE,VALSARTAN & HCT 80/12.5 MG 30 TAB/BOX
fa4740b5-72f1-4a3e-9323-0bba82a67a14,TRUE,VALSARTAN 160 MG 30 TAB /BOX
0c868b10-4885-45fc-b0bb-71e24ab8228c,TRUE,VALSARTAN 160/ AMLODIPINE 10 MG TAB 30 TAB /BOX
f84a2cb3-0050-473e-bb60-eb9e6b13f0d8,TRUE,VALSARTAN 160/ AMLODIPINE 5 MG TAB 30 TAB /BOX
c31bbb51-bbff-4ed8-9622-3b307e8b9bda,TRUE,VALSARTAN 80/ AMLODIPINE 5 MG TAB 30 TAB /BOX
834cbf66-b9be-45ce-aade-cf14e677b18e,TRUE,VALSARTAN 80MG 30 TAB /BOX
b8805bbf-47d6-4671-b97c-7fd250e77298,TRUE,VILDAGLIPTIN & METFORMIN 50/1000 MG TAB 60 TAB /BOX
df474b1d-a5c9-47cc-a934-e0ba8e56c73a,TRUE,VILDAGLIPTIN & METFORMIN 50/850 MG TAB 60 TAB /BOX
61cac369-5cdc-4ead-af80-aa14d64dd145,TRUE,VILDAGLIPTIN 50 MG TAB 30 TAB /BOX
2c6efac4-8fcc-401e-adac-7fb26622b9af,TRUE,VITAMIN A & D DROPS 10 ML/BOTT
a3203518-3497-416b-9229-0032bd138d22,TRUE,VITAMIN B12 1000 MCG TAB 30 TAB /BOX
d36631b1-1a9d-4343-ac83-fd2ab1771461,TRUE,VITAMIN C 1000 MG EFF TAB 30 TAB/BOX
328f2d93-c7d8-4c40-af32-efdac1680a27,TRUE,VITAMIN D 10000 IU 30 TAB /BOX
efcb8272-b94e-4b3b-800e-8e50e7907baf,TRUE,VITAMIN D 200000 IU AMP
fcd15f46-7a4a-4e08-86fb-5120ce1d260e,TRUE,VITAMIN D 50000 IU 12 TAB /BOX
b809d47e-2d5b-4491-8b0a-fccc2d49c750,TRUE,VITAMIN E 1000 MG CAPS 30 CAPS/BOX
5f993b22-9ff5-47f1-a951-cf3eb4fc7e83,TRUE,VITAMIN E 400 MG CAPS 30 CAPS/BOX
4825acd0-82ed-47aa-9f15-995fd6c5fc69,TRUE,WARFARIN NA 5 MG TAB
96ec7ea7-9601-475d-8fcd-a94699119ab5,TRUE,XYLOMETAZOLINE 0.05% NASAL SPRAY 15 ML/BOTT
0c78a7ae-8f96-4c12-b301-2fbc98d53783,TRUE,ZINC OXIDE 40% OINT
d2dace26-a425-4854-ae3b-1dcd23cbadb6,TRUE,ZINC SULPHATE 20 MG
897e52bd-7c90-4f47-b0a2-f5c0b493520a,TRUE,Acetylsalicylic Acid 100 MG TAB 30 TAB /BOX
6c582cda-6d51-4bed-a552-6ffea258233e,TRUE,Acetylsalicylic Acid 75 MG TAB 30 TAB /BOX
ca633436-303f-4894-af65-0f2ee8761a9c,TRUE,Acyclovir 100 MG SYR 100 ML /BOX
b55d848a-ce8e-4ae6-8c35-3edc804379e5,TRUE,Amlodipine 5 MG 30 TAB /BOX
1c0139b9-d57b-4d45-b312-a95ad5e305d7,TRUE,Amoxicillin 125 MG 100 ML /BOTT
1d9b1fa4-d61f-4b7e-ae32-6ed291e8309c,TRUE,Azithromycin 200 MG SUSP 22.5 ML /BOTT
d7d02582-fae7-48af-8ca6-92cb9b7e43c4,TRUE,Azithromycin 250 MG CAPL. 6 CAPS /BOX
30da957f-c5fd-40e4-af2f-d0844c9c03ec,TRUE,Azithromycin 250 MG CAPL. 4 CAPS /BOX
ab5dc943-0eb4-4a57-855a-e22bc4ec1273,TRUE,Candesartan 8 MG 28 TAB /BOX
ac4f848e-2faf-4b46-ac0f-21a093b50887,TRUE,Clopidogrel 75 MG 30 TAB /BOX
c45177cb-c91f-43b1-b3ab-4b1da75424c8,TRUE,Clopidogrel 75 MG 100 TAB /BOX
25033033-7efd-42e1-9131-000af301ba5b,TRUE,Desloratadine 5 MG 30 TAB /BOX
023361e0-dab1-43dc-9e81-b3b56568a262,TRUE,Dexamethasone 8 MG 30 TAB /BOX
fba0ac65-498b-48fd-918d-bd81f4cf312e,TRUE,Diclofenac Sodium 100 SUPP 6 SUPP /BOX
0bb4d544-8792-4e82-8b16-cf76bb8381b4,TRUE,Diclofenac Sodium 50 MG TAB 20 TAB/BOX
201a0e98-20e4-440f-91c0-f694ed699c4c,TRUE,Diclofenac Sodium 50 MG TAB 30 TAB/BOX
36359a75-4b0a-4c46-a140-0d3bebe393c7,TRUE,Diclofenac Sodium 75 MG AMP
186bbaba-23ce-42c0-8e34-eefc5d82d10c,TRUE,Ferrous Sulfate 50 MG 15 ML /BOTT DROPS
333b6b04-f788-4f2b-a992-ba9693b11bd5,TRUE,Ferrous Sulfate 60 MG 30 TAB /BOX
54af9642-1814-48db-9681-e6689d006860,TRUE,Fusidic Acid 2% & HYDROCORTISONE 1% CREAM 15 GR /TUBE
2c693ef6-2291-48f9-998e-ae09b814b024,TRUE,Fusidic Acid 2% & BETAMETHASONE 1% CREAM 15 GR /TUBE
2e756bc9-6711-444c-9676-175f467d3ef6,TRUE,Fusidic Acid 2% CREAM 15 GR /TUBE
fe6155f9-9934-4cc9-a3ed-bb7f41dc13e8,TRUE,Glimepiride 2 MG 30 TAB /BOX
57bf811e-f24a-4910-a1aa-705e4173a8a3,TRUE,Glimepiride 3 MG 30 TAB /BOX
d566ab80-c5fe-4c46-b47b-235e4b5419ff,TRUE,Glimepiride 4 MG 30 TAB /BOX
f3a5c7df-68d6-41aa-a52c-c7038c65b082,TRUE,Guaifenesin 100 MG & TRIPROLIDINE SYR 100 ML /BOTT
d7e71a04-c041-4199-a2fc-cb31fea5f40c,TRUE,Guaifenesin 100 MG;Pseudoephedrine 30MG; TRIPROLIDINE HCL 1.25MG/5ML
101cc9a8-be04-41b5-abe0-df7f6f085aee,TRUE,Hydralazine 20MG /1ML AMP
62524e79-9706-46af-b3c0-da2fe6dfd2cf,TRUE,Lomefloxacin 0.1 % DROPS 5 ML /BOTT
d54e29b5-b864-4d8f-868d-7d020b06cf35,TRUE,Lornoxicam 8 MG TAB 30 TAB /BOX
bd342962-b30d-4a64-b33f-82fbdacab3f4,TRUE,Magnesium 250 MG TAB 30 TAB /BOX
e97805b6-59d3-41bd-ac6d-2aaaa86ec2eb,TRUE,N-Acetylcysteine 200 MG CAPS 20 CAPS /BOX
091b4014-aacc-499c-8a81-caa272e11521,TRUE,N-Acetylcysteine 300 MG 10 SAC/BOX
0a419885-e54e-47f6-8bc8-9f64f1e0752e,TRUE,N-Acetylcysteine 300 MG 30 CAPS /BOX
1ab07a6e-1715-40d1-b479-dd83e967b019,TRUE,Nifedipine 20 MG 30 TAB /BOX
3f3f2c75-ce07-48e5-a57f-8701cedbcc99,TRUE,Nifedipine 10 MG 100 TAB /BOX
ae74a90a-5e24-4720-b269-176809fcb53c,TRUE,Nifedipine XR 30 MG 30 TAB /BOX
3e467d45-dcaa-4c52-8602-c8e554e9e081,TRUE,Nitrofurantoin 100 MG CAPS 24 CAPS/BOX
bc18f42c-a468-4bfe-9fb8-b911a3219649,TRUE,Nitrofurantoin 100 MG CAPS 30 CAPS/BOX
f4cd9d67-fae5-43a4-b9bb-f257f8e98bd2,TRUE,Nitrofurantoin 50 MG CAPS 30 CAPS/BOX
e011a475-96e5-4913-a8d6-d76cdb96c183,TRUE,Ondansetron 4 MG TAB 10 TAB /BOX
1bf50cf3-cef4-46b8-9673-6edfae1210a4,TRUE,Sulfamethoxazole 200 MG&Trimethoprim 40 MG SUSP 100 ML /BOTT
0592e83c-f5c9-4659-ab91-e255d6560d3d,TRUE,Sulfamethoxazole 200 MG&Trimethoprim 40 MG SUSP 60 ML /BOTT
dd12a4d2-5653-49a0-b3e9-58d65941aba0,TRUE,Sulfamethoxazole 400 MG&Trimethoprim 80 MG TAB 20 TAB /BOX
519dae77-0312-4694-85c4-0dc140b37c07,TRUE,Terbinafine 250 MG TAB 14 TAB/BOX
d6e25b60-85d3-426b-bc35-516fdc42aea0,TRUE,Terconazole 0.4% VAG.CREAM 30 GRAM /TUBE GYNOCONAZOL
c4c7efaa-7369-4e77-8f40-d4bdc1251904,TRUE,Warfarin Sodium 5 MG TAB
