Concept,Member,Member Type,Sort Weight
1748a953-d12e-4be1-914c-f6b096c6cdef,164364AAAAAAAAAAAAAAAAAAAAAAAAAAAAAA,concept-set,2010
1748a953-d12e-4be1-914c-f6b096c6cdef,166040AAAAAAAAAAAAAAAAAAAAAAAAAAAAAA,concept-set,2020
1748a953-d12e-4be1-914c-f6b096c6cdef,166039AAAAAAAAAAAAAAAAAAAAAAAAAAAAAA,concept-set,2030
1748a953-d12e-4be1-914c-f6b096c6cdef,159644AAAAAAAAAAAAAAAAAAAAAAAAAAAAAA,concept-set,2040
1748a953-d12e-4be1-914c-f6b096c6cdef,161469AAAAAAAAAAAAAAAAAAAAAAAAAAAAAA,concept-set,2050
1748a953-d12e-4be1-914c-f6b096c6cdef,848AAAAAAAAAAAAAAAAAAAAAAAAAAAAAAAAA,concept-set,2060
1748a953-d12e-4be1-914c-f6b096c6cdef,855AAAAAAAAAAAAAAAAAAAAAAAAAAAAAAAAA,concept-set,2070
1748a953-d12e-4be1-914c-f6b096c6cdef,159497AAAAAAAAAAAAAAAAAAAAAAAAAAAAAA,concept-set,2080
1748a953-d12e-4be1-914c-f6b096c6cdef,159825AAAAAAAAAAAAAAAAAAAAAAAAAAAAAA,concept-set,2090
1748a953-d12e-4be1-914c-f6b096c6cdef,161500AAAAAAAAAAAAAAAAAAAAAAAAAAAAAA,concept-set,2100
1748a953-d12e-4be1-914c-f6b096c6cdef,163348AAAAAAAAAAAAAAAAAAAAAAAAAAAAAA,concept-set,2110
1748a953-d12e-4be1-914c-f6b096c6cdef,4b2e473a-12f5-45ff-aafc-29a78ad237ea,concept-set,2120
1748a953-d12e-4be1-914c-f6b096c6cdef,163436AAAAAAAAAAAAAAAAAAAAAAAAAAAAAA,concept-set,2130
1748a953-d12e-4be1-914c-f6b096c6cdef,46f7ab58-2719-41dd-ac9f-f2cb0967e5fd,concept-set,2140
